Category,SampleName,1,2,3,4,5,6,7,8,9,10,11,12,13,14,15,16,17,18,19,20,21,22,23,24,25,26,27,28,29,30,31,32,33,34,35,36,37,38,39,40,41,42,43,44,45,46,47,48,49,50,51,52,53,54,55,56,57,58,59,60,61,62,63,64,65,66,67,68,69,70,71
Fibro,Sample1,11274,421.0530889,2847.537161,524.1274098,559.9392468,529.5835339,301.2350743,388.1848621,331.114782,378.9885301,400.6021744,412.5266948,411.6649123,406.2257997,347.1024969,379.4277588,409.3678895,362.1055671,370.5401463,388.8294599,374.5363885,383.3927722,375.1925708,391.3752549,369.6863535,391.5730019,379.3646812,364.9982111,391.7123097,370.1134137,365.6465917,393.3017805,382.0326324,367.4547814,383.012853,396.2819568,394,396.2819568,383.012853,367.4547814,382.0326324,393.3017805,365.6465917,370.1134137,391.7123097,364.9982111,379.3646812,391.5730019,369.6863535,391.3752549,375.1925708,383.3927722,374.5363885,388.8294599,370.5401463,362.1055671,409.3678895,379.4277588,347.1024969,406.2257997,411.6649123,412.5266948,400.6021744,378.9885301,331.114782,388.1848621,301.2350743,529.5835339,559.9392468,524.1274098,2847.537161
Fibro,Sample2,12388,416.1053223,2684.787584,255.8087737,589.4723304,221.2246668,94.26168605,180.5509853,81.46034764,111.4031302,98.83209768,66.00247017,61.02458521,48.55702416,11.46846351,22.8221866,4.695646085,14.92374261,25.61249695,24.02545541,15.98337913,20.77443507,13.68162894,8.779283992,7.211102551,6.327270446,7.96105179,10.06690501,6.237246932,24.04972289,7.663846444,17.53224718,7.082560942,7.579045133,10.08730392,16.50511771,4,16.50511771,10.08730392,7.579045133,7.082560942,17.53224718,7.663846444,24.04972289,6.237246932,10.06690501,7.96105179,6.327270446,7.211102551,8.779283992,13.68162894,20.77443507,15.98337913,24.02545541,25.61249695,14.92374261,4.695646085,22.8221866,11.46846351,48.55702416,61.02458521,66.00247017,98.83209768,111.4031302,81.46034764,180.5509853,94.26168605,221.2246668,589.4723304,255.8087737,2684.787584
Fibro,Sample3,9026,1007.731827,2654.960318,383.672642,1171.130371,336.5342966,914.9530973,182.7084962,686.4190363,149.5866802,484.1279409,138.3990832,301.6156495,181.943728,238.0406992,175.5416697,201.3418694,168.3328717,171.1724277,178.2680172,156.3023693,180.4258688,185.7853086,167.7051294,181.6700305,158.6251128,156.6629775,142.3791597,161.6515532,127.7848754,144.9028286,99.41371635,123.5732908,103.9371532,122.7477158,87.35313788,126,87.35313788,122.7477158,103.9371532,123.5732908,99.41371635,144.9028286,127.7848754,161.6515532,142.3791597,156.6629775,158.6251128,181.6700305,167.7051294,185.7853086,180.4258688,156.3023693,178.2680172,171.1724277,168.3328717,201.3418694,175.5416697,238.0406992,181.943728,301.6156495,138.3990832,484.1279409,149.5866802,686.4190363,182.7084962,914.9530973,336.5342966,1171.130371,383.672642,2654.960318
Fibro,Sample4,7670,912.5422948,3638.42464,534.7882052,1975.641045,384.1969903,886.7275822,437.2560807,238.7374131,416.4964757,239.3893558,361.3587321,397.35123,260.9151763,617.5858982,211.3731713,691.8295588,213.7762001,519.2494584,185.4499288,125.8392661,208.5325924,306.9049067,293.1171478,572.3774978,360.7209478,550.2848331,349.2086565,329.9135328,255.7833663,192.4634899,129.5202932,277.2080611,114.0399753,234.9095949,189.2924964,134,189.2924964,234.9095949,114.0399753,277.2080611,129.5202932,192.4634899,255.7833663,329.9135328,349.2086565,550.2848331,360.7209478,572.3774978,293.1171478,306.9049067,208.5325924,125.8392661,185.4499288,519.2494584,213.7762001,691.8295588,211.3731713,617.5858982,260.9151763,397.35123,361.3587321,239.3893558,416.4964757,238.7374131,437.2560807,886.7275822,384.1969903,1975.641045,534.7882052,3638.42464
Fibro,Sample5,10288,865.6303707,3358.92786,557.5396574,930.0096504,72.88009532,437.0096865,316.2351774,158.9275827,533.6727506,321.1585327,536.934061,509.3643097,216.2274703,625.5642753,172.8522473,497.8894798,284.9300097,93.63759929,293.8289892,124.6023543,183.7009618,129.7173586,315.9280695,183.5102177,338.0308758,388.0132012,139.8048471,516.7749061,75.96386121,432.4517706,255.0974145,217.5042284,289.7267464,33.9017256,151.4798947,24,151.4798947,33.9017256,289.7267464,217.5042284,255.0974145,432.4517706,75.96386121,516.7749061,139.8048471,388.0132012,338.0308758,183.5102177,315.9280695,129.7173586,183.7009618,124.6023543,293.8289892,93.63759929,284.9300097,497.8894798,172.8522473,625.5642753,216.2274703,509.3643097,536.934061,321.1585327,533.6727506,158.9275827,316.2351774,437.0096865,72.88009532,930.0096504,557.5396574,3358.92786
Fibro,Sample6,11544,329.8030937,1046.086199,238.1647491,459.6451188,326.0965747,254.1892754,60.23001228,253.425655,156.6876213,55.96775367,75.20780551,94.31860898,121.2903185,131.0726055,129.8372007,102.1022055,113.3194414,138.8524397,132.4019652,81.79295372,95.13682203,114.9060925,116.1238396,122.5724276,115.2904888,86.85441907,112.4677257,112.8551171,86.08021583,111.9813032,123.0834224,115.4234682,110.3124595,79.5245063,105.5470609,128,105.5470609,79.5245063,110.3124595,115.4234682,123.0834224,111.9813032,86.08021583,112.8551171,112.4677257,86.85441907,115.2904888,122.5724276,116.1238396,114.9060925,95.13682203,81.79295372,132.4019652,138.8524397,113.3194414,102.1022055,129.8372007,131.0726055,121.2903185,94.31860898,75.20780551,55.96775367,156.6876213,253.425655,60.23001228,254.1892754,326.0965747,459.6451188,238.1647491,1046.086199
Fibro,Sample7,10736,1047.034328,1605.776303,736.7942962,432.4310881,307.2185344,197.0963446,125.4161355,95.85982769,57.89982889,69.17286187,59.29436849,34.64101615,43.10411018,34.86135069,21.94148091,60.35296455,30.25537564,16.4924225,37.84896164,17.95046537,11.41613154,33.58832471,16.57834649,14.4222051,24.91158362,12.57710699,26.97424353,20.22708279,19.39083856,7.002210739,27.39755133,13.28205951,48.27430392,1.976813609,11.61480088,1.43E-14,11.61480088,1.976813609,48.27430392,13.28205951,27.39755133,7.002210739,19.39083856,20.22708279,26.97424353,12.57710699,24.91158362,14.4222051,16.57834649,33.58832471,11.41613154,17.95046537,37.84896164,16.4924225,30.25537564,60.35296455,21.94148091,34.86135069,43.10411018,34.64101615,59.29436849,69.17286187,57.89982889,95.85982769,125.4161355,197.0963446,307.2185344,432.4310881,736.7942962,1605.776303
Fibro,Sample8,11714,169.2287257,2719.960969,237.5265174,908.3726024,198.1738718,229.677484,85.35014126,102.7910177,56.21124349,93.41717983,59.83005938,42.33202098,32.08965202,23.8773464,51.47638501,16.92160197,18.1656731,4.472135955,27.32319544,30.89164915,10.60500192,25.31402152,2.114266821,8,5.480231161,13.28364257,22.63395912,19.82224128,15.93162574,14.43098579,14.06614236,24.4062709,7.132269423,10.68534237,9.380924119,14,9.380924119,10.68534237,7.132269423,24.4062709,14.06614236,14.43098579,15.93162574,19.82224128,22.63395912,13.28364257,5.480231161,8,2.114266821,25.31402152,10.60500192,30.89164915,27.32319544,4.472135955,18.1656731,16.92160197,51.47638501,23.8773464,32.08965202,42.33202098,59.83005938,93.41717983,56.21124349,102.7910177,85.35014126,229.677484,198.1738718,908.3726024,237.5265174,2719.960969
Fibro,Sample9,10912,414.287491,3223.339477,525.2774779,1005.416638,263.8159619,708.8474044,330.4631803,665.3620398,349.1179652,494.4532553,557.3313,284.2322994,454.0224449,611.7780453,220.9059082,444.5302119,582.3989615,226.0619384,405.4759277,475.1027343,322.9294,491.138963,288.2183742,488.9212616,522.8698385,245.1044792,503.3375074,667.8284037,101.3895009,572.4817528,545.6463031,201.4404297,480.1091059,494.7570438,286.6336419,488,286.6336419,494.7570438,480.1091059,201.4404297,545.6463031,572.4817528,101.3895009,667.8284037,503.3375074,245.1044792,522.8698385,488.9212616,288.2183742,491.138963,322.9294,475.1027343,405.4759277,226.0619384,582.3989615,444.5302119,220.9059082,611.7780453,454.0224449,284.2322994,557.3313,494.4532553,349.1179652,665.3620398,330.4631803,708.8474044,263.8159619,1005.416638,525.2774779,3223.339477
Fibro,Sample10,10082,141.7101325,2338.622491,672.2682358,377.008121,99.13673927,191.2007876,270.1657047,45.02299228,134.6705905,196.2430358,278.3238107,98.97474425,255.1006126,137.5577755,94.40205027,20.41700384,251.5142789,237.0232056,134.8730794,197.984091,104.906975,162.0834802,152.6888668,335.7558637,133.4292159,161.3457264,82.46109411,197.421317,133.230697,237.4579096,274.5039466,31.24221696,130.8212469,114.06961,246.3694586,86,246.3694586,114.06961,130.8212469,31.24221696,274.5039466,237.4579096,133.230697,197.421317,82.46109411,161.3457264,133.4292159,335.7558637,152.6888668,162.0834802,104.906975,197.984091,134.8730794,237.0232056,251.5142789,20.41700384,94.40205027,137.5577755,255.1006126,98.97474425,278.3238107,196.2430358,134.6705905,45.02299228,270.1657047,191.2007876,99.13673927,377.008121,672.2682358,2338.622491
Fibro,Sample11,12044,1058.756941,2642.431651,680.8807899,631.3409369,291.9722399,203.4029587,138.3046679,118.6235733,53.5525015,94.82851117,66.97000448,59.43063183,38.41070707,11.52496108,55.57420139,4.900057774,26.45949549,30.59411708,30.976094,8.360695885,23.0133069,21.92372712,17.88158253,5.291502622,15.43051914,7.24177265,5.303732966,8.644082295,15.16147549,14.80663385,10.38338353,23.33318019,30.18684834,14.16358037,8.845685532,8,8.845685532,14.16358037,30.18684834,23.33318019,10.38338353,14.80663385,15.16147549,8.644082295,5.303732966,7.24177265,15.43051914,5.291502622,17.88158253,21.92372712,23.0133069,8.360695885,30.976094,30.59411708,26.45949549,4.900057774,55.57420139,11.52496108,38.41070707,59.43063183,66.97000448,94.82851117,53.5525015,118.6235733,138.3046679,203.4029587,291.9722399,631.3409369,680.8807899,2642.431651
Fibro,Sample12,13082,339.832431,1076.839599,424.8560394,110.4250232,170.895058,181.8394921,157.0657236,198.8895856,147.0458303,179.5204028,190.5845804,193.1942028,160.517857,242.2273846,210.5070682,191.4003981,186.6369294,176.0113633,216.4860117,184.5399498,200.8217022,194.125509,197.6714285,185.9784934,186.7631457,193.0349892,170.5565121,166.0220503,191.3933726,198.8728215,208.2601439,201.9228079,183.1905127,206.2609455,185.2052329,190,185.2052329,206.2609455,183.1905127,201.9228079,208.2601439,198.8728215,191.3933726,166.0220503,170.5565121,193.0349892,186.7631457,185.9784934,197.6714285,194.125509,200.8217022,184.5399498,216.4860117,176.0113633,186.6369294,191.4003981,210.5070682,242.2273846,160.517857,193.1942028,190.5845804,179.5204028,147.0458303,198.8895856,157.0657236,181.8394921,170.895058,110.4250232,424.8560394,1076.839599
Fibro,Sample13,12958,304.3493391,1044.087961,562.6487239,162.2540206,272.4439519,136.551174,101.1739926,73.55672053,92.73752621,51.98829143,47.03266321,34.69870315,10.21562397,10.93519663,11.25719271,36.04997822,21.04697236,33.52610923,40.41982753,2.11272386,25.63122958,31.7559989,9.559627235,23.06512519,38.59448201,24.88461645,20.7786244,22.38680876,18.53453574,12.71915448,9.202277231,31.90310228,16.5749573,17.61477919,15.85234318,14,15.85234318,17.61477919,16.5749573,31.90310228,9.202277231,12.71915448,18.53453574,22.38680876,20.7786244,24.88461645,38.59448201,23.06512519,9.559627235,31.7559989,25.63122958,2.11272386,40.41982753,33.52610923,21.04697236,36.04997822,11.25719271,10.93519663,10.21562397,34.69870315,47.03266321,51.98829143,92.73752621,73.55672053,101.1739926,136.551174,272.4439519,162.2540206,562.6487239,1044.087961
Fibro,Sample14,13480,1116.621921,731.4075478,792.675115,578.8388439,203.3373736,185.0198921,290.4149993,210.2488665,246.4044722,263.6908522,189.4301302,211.8584433,173.1037905,129.7101816,71.87440458,77.88879418,48.76250402,91.78235124,122.2837367,76.00758074,87.63295694,151.7622059,146.9276634,165.0575657,215.0724403,239.9551374,238.8741009,288.0910281,303.4892138,287.6519416,331.6801998,333.3777885,349.8866914,344.6087161,335.8919236,364,335.8919236,344.6087161,349.8866914,333.3777885,331.6801998,287.6519416,303.4892138,288.0910281,238.8741009,239.9551374,215.0724403,165.0575657,146.9276634,151.7622059,87.63295694,76.00758074,122.2837367,91.78235124,48.76250402,77.88879418,71.87440458,129.7101816,173.1037905,211.8584433,189.4301302,263.6908522,246.4044722,210.2488665,290.4149993,185.0198921,203.3373736,578.8388439,792.675115,731.4075478
Fibro,Sample15,12142,883.5657304,1506.990572,620.8323213,91.18613843,522.9246148,320.1705075,182.7216373,348.5060857,420.6746605,331.9235706,61.23453465,241.7188449,301.3650817,297.9748688,268.2805887,14.33642634,295.8898477,466.0171671,296.6164031,30.44605363,246.7543785,270.1280642,287.5381966,259.8384113,56.96161028,290.939909,469.6731097,326.8365432,66.76732367,255.5207352,270.6347191,261.4765287,258.2267052,36.2482239,316.8275733,462,316.8275733,36.2482239,258.2267052,261.4765287,270.6347191,255.5207352,66.76732367,326.8365432,469.6731097,290.939909,56.96161028,259.8384113,287.5381966,270.1280642,246.7543785,30.44605363,296.6164031,466.0171671,295.8898477,14.33642634,268.2805887,297.9748688,301.3650817,241.7188449,61.23453465,331.9235706,420.6746605,348.5060857,182.7216373,320.1705075,522.9246148,91.18613843,620.8323213,1506.990572
Fibro,Sample16,11540,753.6298053,2586.57548,567.6225784,370.6541061,140.350049,260.2188087,472.2043639,276.7807737,199.0299121,286.9680604,299.1107733,138.4052022,150.3769381,257.9941974,240.7660521,87.57414266,183.1608964,320.0624939,276.6035669,36.38887885,328.412722,383.9414432,151.2948892,220.517573,407.0513414,298.6873436,75.38629919,330.3261769,343.1603501,113.4467788,214.9247966,300.5780645,224.4223713,68.66188297,210.086795,296,210.086795,68.66188297,224.4223713,300.5780645,214.9247966,113.4467788,343.1603501,330.3261769,75.38629919,298.6873436,407.0513414,220.517573,151.2948892,383.9414432,328.412722,36.38887885,276.6035669,320.0624939,183.1608964,87.57414266,240.7660521,257.9941974,150.3769381,138.4052022,299.1107733,286.9680604,199.0299121,276.7807737,472.2043639,260.2188087,140.350049,370.6541061,567.6225784,2586.57548
Fibro,Sample17,12802,300.493163,1559.006813,361.7668699,178.5218325,126.4276829,208.0800912,229.2377153,139.194051,153.7727939,146.3038087,99.24589735,102.9368739,139.5237006,123.1822721,99.50576843,141.3243284,121.6474728,106.3014581,115.7505025,147.5499264,113.0694057,99.85998331,90.54105889,137.0985047,139.4118589,122.0136077,123.5877334,134.5175621,111.0063046,123.2180005,121.9089807,133.5831216,115.8216016,126.1576191,132.874088,126,132.874088,126.1576191,115.8216016,133.5831216,121.9089807,123.2180005,111.0063046,134.5175621,123.5877334,122.0136077,139.4118589,137.0985047,90.54105889,99.85998331,113.0694057,147.5499264,115.7505025,106.3014581,121.6474728,141.3243284,99.50576843,123.1822721,139.5237006,102.9368739,99.24589735,146.3038087,153.7727939,139.194051,229.2377153,208.0800912,126.4276829,178.5218325,361.7668699,1559.006813
Fibro,Sample18,12890,828.9187009,544.2369764,315.889611,311.2494993,248.6301454,126.4527801,156.9899927,106.4116342,25.98906419,42.52855012,66.07716927,43.8634244,62.98678026,13.04799856,16.04641014,17.66285499,8.170995454,22.36067977,46.20907743,31.63726476,25.9783581,30.50910009,38.49324072,36.05551275,14.15757077,12.03227763,28.08146261,23.6396422,19.71214862,24.6919909,39.39525777,20.01468635,28.30885525,32.61295397,12.02863345,22,12.02863345,32.61295397,28.30885525,20.01468635,39.39525777,24.6919909,19.71214862,23.6396422,28.08146261,12.03227763,14.15757077,36.05551275,38.49324072,30.50910009,25.9783581,31.63726476,46.20907743,22.36067977,8.170995454,17.66285499,16.04641014,13.04799856,62.98678026,43.8634244,66.07716927,42.52855012,25.98906419,106.4116342,156.9899927,126.4527801,248.6301454,311.2494993,315.889611,544.2369764
Fibro,Sample19,14168,820.0715169,1114.199017,737.6713023,274.1293942,324.3659939,207.6960285,121.2179913,105.0782904,68.18765168,94.18337834,60.62036079,41.03656906,38.45204433,44.34106625,15.48432348,38.75508766,38.61678811,29.52964612,28.54265532,15.05681622,10.40475555,7.645129377,3.917351803,5.291502622,23.65062549,27.57889772,26.04696064,22.14424325,11.85308171,5.509968295,7.65929101,14.98652958,7.281933576,4.107093465,5.515647756,28,5.515647756,4.107093465,7.281933576,14.98652958,7.65929101,5.509968295,11.85308171,22.14424325,26.04696064,27.57889772,23.65062549,5.291502622,3.917351803,7.645129377,10.40475555,15.05681622,28.54265532,29.52964612,38.61678811,38.75508766,15.48432348,44.34106625,38.45204433,41.03656906,60.62036079,94.18337834,68.18765168,105.0782904,121.2179913,207.6960285,324.3659939,274.1293942,737.6713023,1114.199017
Fibro,Sample20,13372,419.1696611,1359.32802,737.5249075,691.6330793,453.2936069,582.6631733,420.1927906,451.2852307,403.3560913,425.940128,363.8222824,363.7196723,280.2685999,261.7424499,251.4897224,210.3382996,167.643471,113.0309692,130.8111961,93.87830706,77.54500922,79.81448194,35.13054076,72.8560224,104.2300273,122.9783081,134.0144156,175.2214229,184.5231197,183.4983011,222.8532206,235.6001703,241.7202969,274.0788508,265.3832758,224,265.3832758,274.0788508,241.7202969,235.6001703,222.8532206,183.4983011,184.5231197,175.2214229,134.0144156,122.9783081,104.2300273,72.8560224,35.13054076,79.81448194,77.54500922,93.87830706,130.8111961,113.0309692,167.643471,210.3382996,251.4897224,261.7424499,280.2685999,363.7196723,363.8222824,425.940128,403.3560913,451.2852307,420.1927906,582.6631733,453.2936069,691.6330793,737.5249075,1359.32802
Fibro,Sample21,9150,1137.263129,1625.673027,757.7831346,420.9952444,388.0043324,109.5460929,430.1605146,176.8905979,183.5602327,234.0507365,199.632983,39.94996871,198.6531471,251.6586721,94.24940414,94.2861826,267.7974761,208.8923168,31.32224783,227.1059882,257.0792388,73.52704886,170.8195337,249.006024,168.2188098,64.14849588,260.633154,231.7366487,43.10937706,181.9440945,246.1669728,117.1999664,101.8628283,256.191567,203.8742115,18,203.8742115,256.191567,101.8628283,117.1999664,246.1669728,181.9440945,43.10937706,231.7366487,260.633154,64.14849588,168.2188098,249.006024,170.8195337,73.52704886,257.0792388,227.1059882,31.32224783,208.8923168,267.7974761,94.2861826,94.24940414,251.6586721,198.6531471,39.94996871,199.632983,234.0507365,183.5602327,176.8905979,430.1605146,109.5460929,388.0043324,420.9952444,757.7831346,1625.673027
Fibro,Sample22,13636,675.1034138,1643.476598,679.2095397,416.3349775,346.5033601,114.6532712,274.9495179,59.90340528,75.50318933,60.90130203,1.450907639,49.11211663,39.32157844,24.59164653,15.91175521,29.37280661,5.629313909,17.20465053,35.60595385,15.75457728,14.37509385,9.003055327,19.24078826,5.291502622,3.722285064,6.483144448,27.9153793,14.99932662,23.94561004,16.9300739,6.575044604,31.57246059,18.93604821,13.70646118,4.594902884,2.56E-14,4.594902884,13.70646118,18.93604821,31.57246059,6.575044604,16.9300739,23.94561004,14.99932662,27.9153793,6.483144448,3.722285064,5.291502622,19.24078826,9.003055327,14.37509385,15.75457728,35.60595385,17.20465053,5.629313909,29.37280661,15.91175521,24.59164653,39.32157844,49.11211663,1.450907639,60.90130203,75.50318933,59.90340528,274.9495179,114.6532712,346.5033601,416.3349775,679.2095397,1643.476598
Fibro,Sample23,11494,304.2489707,3267.157629,1530.059961,277.5460536,935.7835563,856.6675268,374.5821516,399.3342853,707.2193419,366.1463775,235.6710945,510.7210589,429.6363608,411.941442,490.7586752,373.4759887,653.1500735,565.3635998,288.3025066,767.3260592,604.0940867,249.7136212,764.9515437,577.8338862,192.9144216,711.1435053,516.8140889,126.2810633,567.5702468,459.4613678,50.14671317,391.6628837,362.3351671,98.59071674,223.8945599,358,223.8945599,98.59071674,362.3351671,391.6628837,50.14671317,459.4613678,567.5702468,126.2810633,516.8140889,711.1435053,192.9144216,577.8338862,764.9515437,249.7136212,604.0940867,767.3260592,288.3025066,565.3635998,653.1500735,373.4759887,490.7586752,411.941442,429.6363608,510.7210589,235.6710945,366.1463775,707.2193419,399.3342853,374.5821516,856.6675268,935.7835563,277.5460536,1530.059961,3267.157629
Fibro,Sample24,10942,802.7948539,2453.750949,455.0362918,612.7052954,391.9741805,128.5126066,291.9088558,54.89250365,186.9665309,62.12558831,110.6525696,78.10249676,53.8025525,58.02588215,32.25145882,28.40023954,26.49062679,12.80624847,3.583582835,11.44546234,17.91331895,11.93082032,6.79207414,16.37070554,4.221176742,13.52742828,12.47061861,16.28564813,8.949909873,3.536941156,6.262828604,5.677978263,15.39251575,9.505529276,20.91192407,2,20.91192407,9.505529276,15.39251575,5.677978263,6.262828604,3.536941156,8.949909873,16.28564813,12.47061861,13.52742828,4.221176742,16.37070554,6.79207414,11.93082032,17.91331895,11.44546234,3.583582835,12.80624847,26.49062679,28.40023954,32.25145882,58.02588215,53.8025525,78.10249676,110.6525696,62.12558831,186.9665309,54.89250365,291.9088558,128.5126066,391.9741805,612.7052954,455.0362918,2453.750949
Fibro,Sample25,10892,939.3301503,2053.175578,518.8755438,482.5659163,293.0338649,83.12316524,138.4137126,62.53712329,40.50137794,57.29477722,23.5316376,35.38361203,30.41348533,7.399306644,33.38638676,12.62302026,28.670962,18.97366596,5.867840671,7.057576732,18.35857142,16.89252718,13.25323365,19.07878403,4.991232223,21.2071529,11.64638935,3.51099102,26.2290538,7.109106907,17.86942982,27.67250567,6.040042229,7.314713766,6.975165463,8,6.975165463,7.314713766,6.040042229,27.67250567,17.86942982,7.109106907,26.2290538,3.51099102,11.64638935,21.2071529,4.991232223,19.07878403,13.25323365,16.89252718,18.35857142,7.057576732,5.867840671,18.97366596,28.670962,12.62302026,33.38638676,7.399306644,30.41348533,35.38361203,23.5316376,57.29477722,40.50137794,62.53712329,138.4137126,83.12316524,293.0338649,482.5659163,518.8755438,2053.175578
Fibro,Sample26,9782,955.678057,2734.418417,402.717037,997.6003162,401.5425379,463.6640899,287.3642229,284.6165881,171.0512982,179.7432382,164.9713725,139.2695229,159.2662258,130.040208,153.6675604,121.5151722,155.521141,144.1249458,122.3580279,141.1784308,128.2612036,129.7356046,141.2062836,131.5598723,150.3685583,134.5317963,161.3860384,153.5651648,163.7252359,131.2997018,142.8076483,145.6140814,144.3133141,157.402988,148.5912282,154,148.5912282,157.402988,144.3133141,145.6140814,142.8076483,131.2997018,163.7252359,153.5651648,161.3860384,134.5317963,150.3685583,131.5598723,141.2062836,129.7356046,128.2612036,141.1784308,122.3580279,144.1249458,155.521141,121.5151722,153.6675604,130.040208,159.2662258,139.2695229,164.9713725,179.7432382,171.0512982,284.6165881,287.3642229,463.6640899,401.5425379,997.6003162,402.717037,2734.418417
Fibro,Sample27,8274,614.757383,3043.997078,548.9051733,1255.340835,545.5661154,589.1555569,251.7905114,556.2246293,423.1291595,488.8171263,554.9758727,364.3789236,742.8588249,24.12935448,741.3377874,329.3725149,678.0157148,519.6498821,495.5382885,616.8771502,320.9284007,496.2620578,269.7142738,405.092582,31.69836626,373.6200266,299.0547013,400.4022591,309.5873175,546.0180673,406.7745989,312.4674514,620.4888052,253.000841,392.3558293,542,392.3558293,253.000841,620.4888052,312.4674514,406.7745989,546.0180673,309.5873175,400.4022591,299.0547013,373.6200266,31.69836626,405.092582,269.7142738,496.2620578,320.9284007,616.8771502,495.5382885,519.6498821,678.0157148,329.3725149,741.3377874,24.12935448,742.8588249,364.3789236,554.9758727,488.8171263,423.1291595,556.2246293,251.7905114,589.1555569,545.5661154,1255.340835,548.9051733,3043.997078
Fibro,Sample28,10444,1005.726768,2328.337604,306.3173109,515.6368084,415.6916862,46.28725104,407.4965187,229.9216621,268.6579161,271.3660484,238.8377036,267.2751391,162.6670414,247.1547775,206.0456615,183.1347232,208.799773,220.5810509,225.4255205,207.3492187,177.9616914,240.4359954,201.5857551,211.5750458,217.7381341,214.9182335,206.5694172,212.4546619,220.4236628,231.4681196,223.7516759,223.3958425,214.8034609,211.9426097,240.0761075,204,240.0761075,211.9426097,214.8034609,223.3958425,223.7516759,231.4681196,220.4236628,212.4546619,206.5694172,214.9182335,217.7381341,211.5750458,201.5857551,240.4359954,177.9616914,207.3492187,225.4255205,220.5810509,208.799773,183.1347232,206.0456615,247.1547775,162.6670414,267.2751391,238.8377036,271.3660484,268.6579161,229.9216621,407.4965187,46.28725104,415.6916862,515.6368084,306.3173109,2328.337604
Fibro,Sample29,8400,763.4992716,3030.973004,410.3378204,1268.109082,610.5104502,449.5155369,318.9892144,225.168933,128.4972498,123.2199633,130.0501564,93.74433316,240.6089517,74.8144416,270.3019185,333.8360651,54.24570308,441.2799565,291.9866955,237.5001592,463.0231653,206.8364682,338.6451397,376.1542237,259.0903281,275.8663748,355.3708722,252.7153164,173.6801987,381.7745173,145.6323573,265.7375269,337.6052345,208.620962,292.447042,308,292.447042,208.620962,337.6052345,265.7375269,145.6323573,381.7745173,173.6801987,252.7153164,355.3708722,275.8663748,259.0903281,376.1542237,338.6451397,206.8364682,463.0231653,237.5001592,291.9866955,441.2799565,54.24570308,333.8360651,270.3019185,74.8144416,240.6089517,93.74433316,130.0501564,123.2199633,128.4972498,225.168933,318.9892144,449.5155369,610.5104502,1268.109082,410.3378204,3030.973004
Fibro,Sample30,14888,530.9008921,1497.397978,599.3139625,181.1024163,310.5847157,153.5920566,107.7592549,62.24892835,65.32300473,66.62680033,31.54927121,43.31281566,11.00807065,2.491258642,19.05253474,20.2028236,10.03317742,16.97056275,6.73697134,13.92943562,18.55397717,23.97205026,11.8378322,19.6977156,5.974734881,8.76398328,12.20266582,5.646736716,18.94044475,12.0615146,22.73598002,7.804923922,18.85537726,16.68810188,23.22149123,16,23.22149123,16.68810188,18.85537726,7.804923922,22.73598002,12.0615146,18.94044475,5.646736716,12.20266582,8.76398328,5.974734881,19.6977156,11.8378322,23.97205026,18.55397717,13.92943562,6.73697134,16.97056275,10.03317742,20.2028236,19.05253474,2.491258642,11.00807065,43.31281566,31.54927121,66.62680033,65.32300473,62.24892835,107.7592549,153.5920566,310.5847157,181.1024163,599.3139625,1497.397978
Fibro,Sample31,10604,770.0919808,1491.894601,637.3379984,554.6930848,533.5277836,178.6811218,321.5643125,165.984854,203.4921479,169.5577342,178.8669431,151.2481405,156.1267313,168.0390964,140.1691482,131.9347222,155.1338449,144.3606595,129.0775432,148.2528635,169.4640877,169.3505037,154.3716804,119.3147099,139.1664044,129.673283,149.1809162,145.2882313,156.2153633,172.6066531,153.9582835,164.1165967,141.2331714,139.8884685,160.6178073,136,160.6178073,139.8884685,141.2331714,164.1165967,153.9582835,172.6066531,156.2153633,145.2882313,149.1809162,129.673283,139.1664044,119.3147099,154.3716804,169.3505037,169.4640877,148.2528635,129.0775432,144.3606595,155.1338449,131.9347222,140.1691482,168.0390964,156.1267313,151.2481405,178.8669431,169.5577342,203.4921479,165.984854,321.5643125,178.6811218,533.5277836,554.6930848,637.3379984,1491.894601
Fibro,Sample32,10822,441.3117297,3095.229734,805.3284334,890.4988033,608.3637701,523.160827,219.3249218,437.0928228,23.11860635,218.9964704,57.7052259,174.3100686,130.2528326,108.7273779,229.6434848,38.48704676,286.3185778,79.32212806,329.1263532,130.2643359,400.3149109,194.933119,411.3815385,234.5719506,442.1202795,233.8295742,427.1785693,236.9959581,388.4416928,215.8489033,382.266389,137.6394258,344.5953515,63.18705614,320.0940935,30,320.0940935,63.18705614,344.5953515,137.6394258,382.266389,215.8489033,388.4416928,236.9959581,427.1785693,233.8295742,442.1202795,234.5719506,411.3815385,194.933119,400.3149109,130.2643359,329.1263532,79.32212806,286.3185778,38.48704676,229.6434848,108.7273779,130.2528326,174.3100686,57.7052259,218.9964704,23.11860635,437.0928228,219.3249218,523.160827,608.3637701,890.4988033,805.3284334,3095.229734
Fibro,Sample33,13556,863.2182743,1748.889843,468.5207744,295.6669638,439.0482451,218.9578888,322.1955743,133.7353754,179.768827,219.9585288,208.085745,193.380454,172.6652219,191.3108726,192.5790222,191.1029656,160.761057,176.0454487,214.7734991,189.5659395,163.6447129,210.2134222,185.7753709,167.0808188,172.5428039,173.4427619,206.1532654,179.2478762,180.1328807,184.286307,169.1823245,200.2361254,178.8798818,175.4156197,196.8606377,220,196.8606377,175.4156197,178.8798818,200.2361254,169.1823245,184.286307,180.1328807,179.2478762,206.1532654,173.4427619,172.5428039,167.0808188,185.7753709,210.2134222,163.6447129,189.5659395,214.7734991,176.0454487,160.761057,191.1029656,192.5790222,191.3108726,172.6652219,193.380454,208.085745,219.9585288,179.768827,133.7353754,322.1955743,218.9578888,439.0482451,295.6669638,468.5207744,1748.889843
Fibro,Sample34,11162,737.6934424,3796.611585,755.8454651,680.2986761,615.8119751,634.7882112,126.3494042,711.3594388,570.1212918,347.6576448,535.6156552,506.6714912,262.4339486,488.9870534,486.3114364,284.9295977,486.8901255,432.0416647,317.5582694,496.3004584,432.9267744,337.5488258,508.4889388,430.1116134,390.2830336,498.0636383,399.1712824,405.1759696,480.8644467,387.73693,418.5556821,443.800488,339.3718135,414.1976555,470.2101082,354,470.2101082,414.1976555,339.3718135,443.800488,418.5556821,387.73693,480.8644467,405.1759696,399.1712824,498.0636383,390.2830336,430.1116134,508.4889388,337.5488258,432.9267744,496.3004584,317.5582694,432.0416647,486.8901255,284.9295977,486.3114364,488.9870534,262.4339486,506.6714912,535.6156552,347.6576448,570.1212918,711.3594388,126.3494042,634.7882112,615.8119751,680.2986761,755.8454651,3796.611585
Fibro,Sample35,12828,469.7992753,1584.319981,709.581102,327.4273493,154.335143,240.5914892,17.32488666,86.12663602,78.84212586,90.60962534,156.6701673,81.0185164,72.56126661,120.1173435,108.8543271,101.2619501,110.6534449,116.4817582,91.13758623,104.1838434,91.28778491,85.73258261,89.22347468,105.1284928,87.13297547,113.8238603,96.8706312,109.8410566,114.9860397,77.58695321,118.8469532,111.4639854,107.9626579,95.80171973,96.85483025,108,96.85483025,95.80171973,107.9626579,111.4639854,118.8469532,77.58695321,114.9860397,109.8410566,96.8706312,113.8238603,87.13297547,105.1284928,89.22347468,85.73258261,91.28778491,104.1838434,91.13758623,116.4817582,110.6534449,101.2619501,108.8543271,120.1173435,72.56126661,81.0185164,156.6701673,90.60962534,78.84212586,86.12663602,17.32488666,240.5914892,154.335143,327.4273493,709.581102,1584.319981
Fibro,Sample36,10532,122.4287004,1187.004533,786.7294667,526.3569074,440.9420383,281.3507407,123.9656435,120.8526213,247.6269216,157.0802646,132.1897685,165.6623071,171.838843,166.3727774,168.614283,174.7771675,130.3585637,156.179384,150.2248166,190.2734955,161.5552659,115.8613383,141.9766311,159.3612249,178.9534969,148.8256148,120.5690992,145.6310509,159.5707973,170.3694829,167.1787698,172.4168949,149.8728321,140.5319034,157.7877677,168,157.7877677,140.5319034,149.8728321,172.4168949,167.1787698,170.3694829,159.5707973,145.6310509,120.5690992,148.8256148,178.9534969,159.3612249,141.9766311,115.8613383,161.5552659,190.2734955,150.2248166,156.179384,130.3585637,174.7771675,168.614283,166.3727774,171.838843,165.6623071,132.1897685,157.0802646,247.6269216,120.8526213,123.9656435,281.3507407,440.9420383,526.3569074,786.7294667,1187.004533
Fibro,Sample37,11300,1236.948169,2368.278396,1099.720284,550.1339155,332.0077946,563.3818456,201.1733537,127.4123609,331.5883785,284.3588546,145.9544122,181.2070639,447.0489668,174.6862099,179.0573158,483.4389035,179.0378709,210.8459153,492.5116723,154.8131145,221.5320115,395.3307164,104.0318721,210.2094194,333.2527052,199.0484133,177.1359569,262.2471632,266.3955831,168.2643634,294.5418439,356.6523754,191.4715166,369.8642477,387.8454048,224,387.8454048,369.8642477,191.4715166,356.6523754,294.5418439,168.2643634,266.3955831,262.2471632,177.1359569,199.0484133,333.2527052,210.2094194,104.0318721,395.3307164,221.5320115,154.8131145,492.5116723,210.8459153,179.0378709,483.4389035,179.0573158,174.6862099,447.0489668,181.2070639,145.9544122,284.3588546,331.5883785,127.4123609,201.1733537,563.3818456,332.0077946,550.1339155,1099.720284,2368.278396
Fibro,Sample38,8184,2420.883515,2836.923686,745.8459162,410.6005827,568.1070429,799.7470232,63.15515224,628.8514886,497.9164721,410.0485388,556.1561266,1055.36534,440.2831379,894.6076807,694.3988041,287.9986971,644.5868605,656.8043849,366.9859068,818.7007818,329.9846347,321.5803512,284.646224,382.1361014,42.45323889,343.1513121,226.5197273,299.372997,270.8946059,378.0009243,266.7927192,669.5808807,322.7790437,522.1978059,528.7712886,8,528.7712886,522.1978059,322.7790437,669.5808807,266.7927192,378.0009243,270.8946059,299.372997,226.5197273,343.1513121,42.45323889,382.1361014,284.646224,321.5803512,329.9846347,818.7007818,366.9859068,656.8043849,644.5868605,287.9986971,694.3988041,894.6076807,440.2831379,1055.36534,556.1561266,410.0485388,497.9164721,628.8514886,63.15515224,799.7470232,568.1070429,410.6005827,745.8459162,2836.923686
Fibro,Sample39,11306,58.70910389,3296.260392,755.5154517,985.4903909,425.3026855,164.6875182,96.73652646,190.9643653,194.6535072,78.56759004,237.8717841,133.1465358,159.4253156,147.3515585,158.0659908,124.1788464,154.4792121,137.7679208,120.3705523,148.9503912,126.4443421,135.1346189,126.6804658,146.0410901,132.4775389,140.928709,147.4245981,140.3084833,153.7542167,144.7135839,135.5446992,140.2862263,140.1120023,151.8282432,143.8806247,118,143.8806247,151.8282432,140.1120023,140.2862263,135.5446992,144.7135839,153.7542167,140.3084833,147.4245981,140.928709,132.4775389,146.0410901,126.6804658,135.1346189,126.4443421,148.9503912,120.3705523,137.7679208,154.4792121,124.1788464,158.0659908,147.3515585,159.4253156,133.1465358,237.8717841,78.56759004,194.6535072,190.9643653,96.73652646,164.6875182,425.3026855,985.4903909,755.5154517,3296.260392
Fibro,Sample40,10298,330.6660385,1645.63323,80.24825437,117.3355788,112.5483443,227.029248,81.94290869,201.8531182,164.4259997,207.9627707,181.1844803,180.8756479,164.159979,159.3139088,145.8911801,182.3089066,159.4307601,186.0430058,175.1298418,198.7389949,181.1693565,174.8834892,192.7695891,215.3415891,175.7978374,171.7829408,192.1564223,174.2847493,217.2992782,180.2490515,204.6611295,159.2318475,177.6672325,187.4892576,185.0057004,170,185.0057004,187.4892576,177.6672325,159.2318475,204.6611295,180.2490515,217.2992782,174.2847493,192.1564223,171.7829408,175.7978374,215.3415891,192.7695891,174.8834892,181.1693565,198.7389949,175.1298418,186.0430058,159.4307601,182.3089066,145.8911801,159.3139088,164.159979,180.8756479,181.1844803,207.9627707,164.4259997,201.8531182,81.94290869,227.029248,112.5483443,117.3355788,80.24825437,1645.63323
Fibro,Sample41,9796,75.01042603,2179.346095,197.3143372,585.3969408,84.79731047,159.5136108,75.44747407,100.4261592,87.3451431,89.26748779,59.13334609,34.87119155,67.62001071,79.09620771,108.3780178,54.92395772,71.83765002,54.40588203,87.13309916,80.38759122,52.30261138,69.56443119,53.95158672,70.76722405,75.81943948,57.98979632,66.11222259,74.7011171,66.91991617,68.66882821,50.64835,37.81461917,71.73349601,99.15481333,63.2897759,20,63.2897759,99.15481333,71.73349601,37.81461917,50.64835,68.66882821,66.91991617,74.7011171,66.11222259,57.98979632,75.81943948,70.76722405,53.95158672,69.56443119,52.30261138,80.38759122,87.13309916,54.40588203,71.83765002,54.92395772,108.3780178,79.09620771,67.62001071,34.87119155,59.13334609,89.26748779,87.3451431,100.4261592,75.44747407,159.5136108,84.79731047,585.3969408,197.3143372,2179.346095
Fibro,Sample42,11586,604.1943839,2394.443677,372.3041653,477.6231905,97.71252732,200.8068261,202.6216597,121.5287735,160.8369614,125.0075987,164.0905042,130.1844845,146.8358192,125.5124288,172.6603806,114.2660503,137.2281593,162.0493752,120.3468132,162.2637411,118.685702,101.3101729,128.4411081,153.4796403,141.2042141,160.1821696,155.4717719,153.9693679,166.1216402,130.5550404,138.4186596,141.6969547,141.0946689,137.1463787,124.1636985,146,124.1636985,137.1463787,141.0946689,141.6969547,138.4186596,130.5550404,166.1216402,153.9693679,155.4717719,160.1821696,141.2042141,153.4796403,128.4411081,101.3101729,118.685702,162.2637411,120.3468132,162.0493752,137.2281593,114.2660503,172.6603806,125.5124288,146.8358192,130.1844845,164.0905042,125.0075987,160.8369614,121.5287735,202.6216597,200.8068261,97.71252732,477.6231905,372.3041653,2394.443677
Macro,Sample43,14558,371.7314883,1228.341051,675.1373753,135.1124327,210.3166104,298.1102588,73.15953904,3.467678033,100.7598204,21.13182086,81.24744927,81.46164742,70.29427094,38.233665,32.9941731,20.63335896,36.4276173,24.41311123,19.80570316,17.276059,19.68419003,25.66298402,26.20444138,2,13.77640023,14.08290627,3.931741657,24.94330178,14.27944525,24.86510861,24.16486121,4.27079703,19.42785865,14.86532745,2.886367206,18,2.886367206,14.86532745,19.42785865,4.27079703,24.16486121,24.86510861,14.27944525,24.94330178,3.931741657,14.08290627,13.77640023,2,26.20444138,25.66298402,19.68419003,17.276059,19.80570316,24.41311123,36.4276173,20.63335896,32.9941731,38.233665,70.29427094,81.46164742,81.24744927,21.13182086,100.7598204,3.467678033,73.15953904,298.1102588,210.3166104,135.1124327,675.1373753,1228.341051
Macro,Sample44,13346,1059.779343,3860.040904,1323.314924,617.3549948,288.9875879,343.2142274,559.2714552,368.3727329,166.5833495,102.3459245,164.5565433,112.0535586,151.0379626,186.8562336,268.9709047,289.4338139,233.7274791,374.0213898,520.3306836,474.6594602,287.702055,507.7608429,685.7405843,517.3741393,287.6616198,525.6036511,597.9314239,457.1993081,225.1958414,401.2829352,412.7329215,255.0717487,100.1188855,159.5431295,169.0162522,110,169.0162522,159.5431295,100.1188855,255.0717487,412.7329215,401.2829352,225.1958414,457.1993081,597.9314239,525.6036511,287.6616198,517.3741393,685.7405843,507.7608429,287.702055,474.6594602,520.3306836,374.0213898,233.7274791,289.4338139,268.9709047,186.8562336,151.0379626,112.0535586,164.5565433,102.3459245,166.5833495,368.3727329,559.2714552,343.2142274,288.9875879,617.3549948,1323.314924,3860.040904
Macro,Sample45,15750,499.1553778,3401.00079,1493.102868,323.3711229,637.7620662,239.4684822,445.1518022,570.4455245,424.6132384,324.4425121,190.2384433,238.6042749,414.8139107,456.0568305,407.7220867,381.2692333,254.1709502,174.0459709,280.5834414,364.5156624,458.2375546,467.7941222,397.5142148,305.6075915,194.5352715,218.5721774,339.7404859,450.2837425,471.063928,413.1135994,295.4135238,189.6039961,193.9713094,331.3996223,436.412931,494,436.412931,331.3996223,193.9713094,189.6039961,295.4135238,413.1135994,471.063928,450.2837425,339.7404859,218.5721774,194.5352715,305.6075915,397.5142148,467.7941222,458.2375546,364.5156624,280.5834414,174.0459709,254.1709502,381.2692333,407.7220867,456.0568305,414.8139107,238.6042749,190.2384433,324.4425121,424.6132384,570.4455245,445.1518022,239.4684822,637.7620662,323.3711229,1493.102868,3401.00079
Macro,Sample46,15286,2358.846603,1174.154293,1164.634277,915.4520473,297.6441478,598.8937993,464.4575798,407.9280004,285.821252,381.8172139,249.0497032,268.5591183,247.5588804,248.2064462,226.0141049,234.2005197,172.8131331,188.138247,198.3241444,142.877044,190.2870538,120.5463355,145.4193068,169.0088755,149.1340635,117.8246676,91.79440005,119.1037336,109.1890933,95.489356,66.22670985,53.78534241,61.83415073,37.79948292,37.91888209,22,37.91888209,37.79948292,61.83415073,53.78534241,66.22670985,95.489356,109.1890933,119.1037336,91.79440005,117.8246676,149.1340635,169.0088755,145.4193068,120.5463355,190.2870538,142.877044,198.3241444,188.138247,172.8131331,234.2005197,226.0141049,248.2064462,247.5588804,268.5591183,249.0497032,381.8172139,285.821252,407.9280004,464.4575798,598.8937993,297.6441478,915.4520473,1164.634277,1174.154293
Macro,Sample47,16538,1028.82528,1888.226676,115.112988,401.8819596,24.49238462,238.1296817,180.3330338,363.3887829,443.3076872,551.4270547,483.5504584,477.3803515,328.70006,208.3984567,99.28261041,96.48002615,201.9258684,347.2463103,428.7767972,500.9017109,488.7825789,440.284529,354.0507112,257.937977,123.6405586,101.8937671,198.4295706,335.3988172,410.6587962,468.1434125,497.7835772,466.1504017,401.1378239,269.9212833,165.1007521,78,165.1007521,269.9212833,401.1378239,466.1504017,497.7835772,468.1434125,410.6587962,335.3988172,198.4295706,101.8937671,123.6405586,257.937977,354.0507112,440.284529,488.7825789,500.9017109,428.7767972,347.2463103,201.9258684,96.48002615,99.28261041,208.3984567,328.70006,477.3803515,483.5504584,551.4270547,443.3076872,363.3887829,180.3330338,238.1296817,24.49238462,401.8819596,115.112988,1888.226676
Macro,Sample48,17124,408.0040027,768.0299507,697.1505208,193.4897015,239.5185763,211.8311878,271.490192,250.6453723,174.4591321,153.4310658,225.9472844,195.0076922,240.2267549,251.2990231,233.6040166,226.9401464,238.4604954,202.0890893,225.3459838,234.5436343,232.8549287,245.68899,219.2881465,238.4197978,223.4876108,243.0086531,233.7434731,248.7388571,223.0210141,226.1317047,226.4690642,219.988789,238.8742285,218.0032536,208.4964231,216,208.4964231,218.0032536,238.8742285,219.988789,226.4690642,226.1317047,223.0210141,248.7388571,233.7434731,243.0086531,223.4876108,238.4197978,219.2881465,245.68899,232.8549287,234.5436343,225.3459838,202.0890893,238.4604954,226.9401464,233.6040166,251.2990231,240.2267549,195.0076922,225.9472844,153.4310658,174.4591321,250.6453723,271.490192,211.8311878,239.5185763,193.4897015,697.1505208,768.0299507
Macro,Sample49,16950,1573.60645,624.499489,689.8634231,700.6701354,282.339322,617.3007355,450.081867,674.0045454,479.2839704,547.2900456,249.5368106,286.1887489,367.1640643,496.9425813,622.3598805,658.0068068,652.5212346,524.3548417,357.7896474,235.8286399,348.6265062,499.803881,628.6942357,660.3271916,589.0192023,484.6174827,328.6683369,240.1462346,339.3999786,504.0910652,642.9348528,694.447201,608.8942403,502.6410658,348.023657,262,348.023657,502.6410658,608.8942403,694.447201,642.9348528,504.0910652,339.3999786,240.1462346,328.6683369,484.6174827,589.0192023,660.3271916,628.6942357,499.803881,348.6265062,235.8286399,357.7896474,524.3548417,652.5212346,658.0068068,622.3598805,496.9425813,367.1640643,286.1887489,249.5368106,547.2900456,479.2839704,674.0045454,450.081867,617.3007355,282.339322,700.6701354,689.8634231,624.499489
Macro,Sample50,15616,1588.13165,872.5235015,1148.145475,561.291126,121.6404684,516.5581614,413.1609777,144.2021297,425.6917432,358.3769978,20.79726302,398.1808634,322.514877,24.55239043,346.4135155,407.3440424,109.7285783,315.4932646,407.3700762,168.1488432,242.7710265,415.0553226,198.2392329,196.9466933,416.8229937,254.4683378,191.9649441,395.9674714,284.8327204,102.9546787,391.0723323,293.0743539,63.41823213,383.8655899,341.1405934,64,341.1405934,383.8655899,63.41823213,293.0743539,391.0723323,102.9546787,284.8327204,395.9674714,191.9649441,254.4683378,416.8229937,196.9466933,198.2392329,415.0553226,242.7710265,168.1488432,407.3700762,315.4932646,109.7285783,407.3440424,346.4135155,24.55239043,322.514877,398.1808634,20.79726302,358.3769978,425.6917432,144.2021297,413.1609777,516.5581614,121.6404684,561.291126,1148.145475,872.5235015
Macro,Sample51,15488,217.9783791,212.9109768,386.0968504,153.2916781,169.1414226,226.2440863,165.7806643,104.0308954,145.6950234,212.2110587,218.2053469,205.1828453,142.7820614,157.4350362,123.6090631,152.7764804,159.4346441,157.708592,197.3690561,174.7832742,160.383921,143.1835714,166.2541267,143.5130656,183.5841139,168.3128413,187.3738513,164.0989595,177.3979823,167.6353585,165.0380567,192.0961214,152.3385031,177.3438586,174.4017499,148,174.4017499,177.3438586,152.3385031,192.0961214,165.0380567,167.6353585,177.3979823,164.0989595,187.3738513,168.3128413,183.5841139,143.5130656,166.2541267,143.1835714,160.383921,174.7832742,197.3690561,157.708592,159.4346441,152.7764804,123.6090631,157.4350362,142.7820614,205.1828453,218.2053469,212.2110587,145.6950234,104.0308954,165.7806643,226.2440863,169.1414226,153.2916781,386.0968504,212.9109768
Macro,Sample52,17740,832.8804591,499.0781498,576.2097864,421.1246293,193.5846166,318.8790369,143.3815207,281.2984473,259.3119701,230.4340865,239.7693837,241.0560101,217.0433746,238.1307385,261.7288232,253.0392789,254.8824287,216,253.9968791,256.8046294,246.180748,248.4996827,223.4782206,229.0065501,238.4309266,205.1619381,237.7336791,218.6079343,230.399205,240.9069526,237.4777685,231.271068,229.7723754,235.4386765,258.1955067,220,258.1955067,235.4386765,229.7723754,231.271068,237.4777685,240.9069526,230.399205,218.6079343,237.7336791,205.1619381,238.4309266,229.0065501,223.4782206,248.4996827,246.180748,256.8046294,253.9968791,216,254.8824287,253.0392789,261.7288232,238.1307385,217.0433746,241.0560101,239.7693837,230.4340865,259.3119701,281.2984473,143.3815207,318.8790369,193.5846166,421.1246293,576.2097864,499.0781498
Macro,Sample53,16858,1458.635453,1090.913868,520.8178257,559.418068,479.7363884,431.6803047,584.7130337,554.0182104,237.0912026,471.0690245,636.368779,327.5423637,259.374832,613.5418745,522.5210664,230.6560833,422.8454064,590.1220213,435.6511651,222.6414281,573.3716107,581.9041046,281.027613,356.4210993,612.7091147,487.9670463,184.9209605,506.1997823,603.5359961,369.2426229,271.8994959,588.4433649,555.3283026,224.7555324,402.7077935,626,402.7077935,224.7555324,555.3283026,588.4433649,271.8994959,369.2426229,603.5359961,506.1997823,184.9209605,487.9670463,612.7091147,356.4210993,281.027613,581.9041046,573.3716107,222.6414281,435.6511651,590.1220213,422.8454064,230.6560833,522.5210664,613.5418745,259.374832,327.5423637,636.368779,471.0690245,237.0912026,554.0182104,584.7130337,431.6803047,479.7363884,559.418068,520.8178257,1090.913868
Macro,Sample54,16676,825.6175713,545.5870358,585.7111197,662.1883569,263.1668632,220.8311552,171.635223,113.1001167,60.33931232,126.1167079,173.6944312,233.7263357,278.7179148,333.9201862,366.0098478,381.7108175,419.7652592,442.2216639,419.9249366,431.840657,375.2254431,333.7182247,288.9870749,203.8921283,147.4415209,92.5764251,51.76067415,67.38120634,159.7413729,205.6249034,276.434245,338.2797887,378.7890474,422.5404402,419.6917822,424,419.6917822,422.5404402,378.7890474,338.2797887,276.434245,205.6249034,159.7413729,67.38120634,51.76067415,92.5764251,147.4415209,203.8921283,288.9870749,333.7182247,375.2254431,431.840657,419.9249366,442.2216639,419.7652592,381.7108175,366.0098478,333.9201862,278.7179148,233.7263357,173.6944312,126.1167079,60.33931232,113.1001167,171.635223,220.8311552,263.1668632,662.1883569,585.7111197,545.5870358
Macro,Sample55,14538,371.5116826,1195.981606,932.824664,276.9004235,390.5252421,399.0711011,312.645865,357.794407,297.6250544,322.7585132,275.3145063,184.8350616,454.7554165,251.9477931,252.9163697,105.9796802,522.8876429,133.5215338,288.1447904,181.1717577,508.7701626,110.4046116,259.4179385,294,397.5784425,256.9481788,311.5177796,287.1496991,212.5578749,400.4575586,270.1254466,264.54389,91.8279797,530.0167022,165.2613166,258,165.2613166,530.0167022,91.8279797,264.54389,270.1254466,400.4575586,212.5578749,287.1496991,311.5177796,256.9481788,397.5784425,294,259.4179385,110.4046116,508.7701626,181.1717577,288.1447904,133.5215338,522.8876429,105.9796802,252.9163697,251.9477931,454.7554165,184.8350616,275.3145063,322.7585132,297.6250544,357.794407,312.645865,399.0711011,390.5252421,276.9004235,932.824664,1195.981606
Macro,Sample56,15022,701.3222798,102.7036657,872.1089929,249.992864,331.5851425,127.8662878,93.54301788,230.4119732,49.81513298,64.06156311,81.0025905,37.04051835,75.41289748,25.36841355,29.77398292,17.75517461,12.59946954,31.04834939,25.96328233,29.80768342,22.69945514,2.120675792,36.3474437,25.05992817,21.76187613,35.62298881,20.55364996,29.37805253,43.55090911,17.03562315,23.56379399,13.67758664,20.20270051,20.5675029,10.20017128,22,10.20017128,20.5675029,20.20270051,13.67758664,23.56379399,17.03562315,43.55090911,29.37805253,20.55364996,35.62298881,21.76187613,25.05992817,36.3474437,2.120675792,22.69945514,29.80768342,25.96328233,31.04834939,12.59946954,17.75517461,29.77398292,25.36841355,75.41289748,37.04051835,81.0025905,64.06156311,49.81513298,230.4119732,93.54301788,127.8662878,331.5851425,249.992864,872.1089929,102.7036657
Macro,Sample57,13828,522.2573128,2014.040951,592.911782,757.0618986,133.7896002,184.9852898,173.1949094,74.40840031,203.5123823,142.553839,149.7839129,137.0985047,162.3963208,146.2584368,195.2487653,174.4705617,186.1210128,170.5754965,154.4714039,164.4154251,142.8067872,123.5108043,138.657954,172.3136675,150.3540916,165.6518319,150.1156563,153.5345228,141.3452253,151.4610266,169.1550799,166.022327,155.6526902,155.6099972,158.7974779,160,158.7974779,155.6099972,155.6526902,166.022327,169.1550799,151.4610266,141.3452253,153.5345228,150.1156563,165.6518319,150.3540916,172.3136675,138.657954,123.5108043,142.8067872,164.4154251,154.4714039,170.5754965,186.1210128,174.4705617,195.2487653,146.2584368,162.3963208,137.0985047,149.7839129,142.553839,203.5123823,74.40840031,173.1949094,184.9852898,133.7896002,757.0618986,592.911782,2014.040951
Macro,Sample58,13536,371.9666576,2181.679306,523.1317423,1193.804662,401.4460429,689.4791548,304.0689132,561.4853116,323.2002006,401.5009357,352.7799287,319.881228,359.1583729,301.8619923,337.8958455,264.7598745,339.7388406,318.1571939,335.0796353,280.8643774,305.0357654,324.8214276,289.7586158,282.0850935,304.2614775,286.1095793,295.9554533,278.1036342,290.8486273,283.5815493,297.6983327,277.6336681,289.4559718,278.9266781,295.8418432,276,295.8418432,278.9266781,289.4559718,277.6336681,297.6983327,283.5815493,290.8486273,278.1036342,295.9554533,286.1095793,304.2614775,282.0850935,289.7586158,324.8214276,305.0357654,280.8643774,335.0796353,318.1571939,339.7388406,264.7598745,337.8958455,301.8619923,359.1583729,319.881228,352.7799287,401.5009357,323.2002006,561.4853116,304.0689132,689.4791548,401.4460429,1193.804662,523.1317423,2181.679306
Macro,Sample59,15902,1365.627051,1568.376258,1434.394771,443.6722813,437.0948285,495.3098878,522.2167609,549.2063295,384.5244539,226.4383755,45.35861403,257.1147604,440.6205462,603.5191916,631.7259726,589.9440474,526.7025759,395.6008089,392.9445635,509.6752712,608.3899814,699.4685793,703.9058178,626.2874739,506.8388636,353.0828386,197.881137,64.6066931,44.29615235,66.72417137,98.32901289,185.6621353,273.2609864,391.7988964,448.9942553,474,448.9942553,391.7988964,273.2609864,185.6621353,98.32901289,66.72417137,44.29615235,64.6066931,197.881137,353.0828386,506.8388636,626.2874739,703.9058178,699.4685793,608.3899814,509.6752712,392.9445635,395.6008089,526.7025759,589.9440474,631.7259726,603.5191916,440.6205462,257.1147604,45.35861403,226.4383755,384.5244539,549.2063295,522.2167609,495.3098878,437.0948285,443.6722813,1434.394771,1568.376258
Macro,Sample60,16684,312.6607593,1958.094061,1079.623401,525.9835621,393.4542854,553.6231967,492.5410813,440.1156941,547.8429339,514.5379989,573.8606599,533.2279062,613.755589,580.2405284,580.0897562,568.0692854,571.774893,542.2988106,550.4672426,571.2190768,544.7277736,537.6253327,549.9778746,541.3353859,549.7008181,548.2751142,533.1379932,544.5494089,546.1873805,572.7524387,555.736176,557.8955662,545.1869772,559.0497535,550.9024966,536,550.9024966,559.0497535,545.1869772,557.8955662,555.736176,572.7524387,546.1873805,544.5494089,533.1379932,548.2751142,549.7008181,541.3353859,549.9778746,537.6253327,544.7277736,571.2190768,550.4672426,542.2988106,571.774893,568.0692854,580.0897562,580.2405284,613.755589,533.2279062,573.8606599,514.5379989,547.8429339,440.1156941,492.5410813,553.6231967,393.4542854,525.9835621,1079.623401,1958.094061
Tumor,Sample61,11094,391.7480009,2848.962414,297.459643,1228.941926,100.4269693,587.9384399,85.35122977,251.7926539,43.04760946,65.44240085,33.64967743,50.3189825,33.36635056,61.51344415,42.4662488,53.44077906,24.69477638,29.73213749,8.923479449,28.14193366,7.896371194,19.02890407,8.903807847,10.39230485,7.880244338,11.35237261,6.550062601,11.90685836,11.23183466,18.12155876,18.44063997,11.33766157,13.41737119,10.17722799,10.02163965,18,10.02163965,10.17722799,13.41737119,11.33766157,18.44063997,18.12155876,11.23183466,11.90685836,6.550062601,11.35237261,7.880244338,10.39230485,8.903807847,19.02890407,7.896371194,28.14193366,8.923479449,29.73213749,24.69477638,53.44077906,42.4662488,61.51344415,33.36635056,50.3189825,33.64967743,65.44240085,43.04760946,251.7926539,85.35122977,587.9384399,100.4269693,1228.941926,297.459643,2848.962414
Tumor,Sample62,13260,271.9370017,2029.191407,531.1980608,396.764402,415.5245785,120.0108229,266.6073677,90.53225349,104.6024607,179.8930772,244.8650302,273.4739476,280.6874057,296.5098479,265.7734696,271.5738159,251.6490952,237.0653918,145.1146175,85.93286653,79.90361349,108.2385317,102.2625727,133.6712385,210.4019402,257.653893,246.8082762,277.7580813,285.2358926,268.0250033,245.0387867,230.9276371,175.249809,120.0729627,104.3558795,88,104.3558795,120.0729627,175.249809,230.9276371,245.0387867,268.0250033,285.2358926,277.7580813,246.8082762,257.653893,210.4019402,133.6712385,102.2625727,108.2385317,79.90361349,85.93286653,145.1146175,237.0653918,251.6490952,271.5738159,265.7734696,296.5098479,280.6874057,273.4739476,244.8650302,179.8930772,104.6024607,90.53225349,266.6073677,120.0108229,415.5245785,396.764402,531.1980608,2029.191407
Tumor,Sample63,16676,336.3377293,1054.384107,415.6354994,444.0856382,682.8689927,200.474261,297.3986273,119.3735745,283.2297788,285.8911678,147.5132289,176.8502191,278.7638546,264.7945747,191.8328558,174.9298886,212.3104278,240.1332963,216.972781,197.922917,190.6845184,204.9832164,244.8631946,200.269818,184.8169925,208.8854467,201.8833633,216.5605338,193.4111146,219.7318154,208.4235587,210.8684039,213.5947133,209.0669268,224.3547158,212,224.3547158,209.0669268,213.5947133,210.8684039,208.4235587,219.7318154,193.4111146,216.5605338,201.8833633,208.8854467,184.8169925,200.269818,244.8631946,204.9832164,190.6845184,197.922917,216.972781,240.1332963,212.3104278,174.9298886,191.8328558,264.7945747,278.7638546,176.8502191,147.5132289,285.8911678,283.2297788,119.3735745,297.3986273,200.474261,682.8689927,444.0856382,415.6354994,1054.384107
Tumor,Sample64,13870,372.5718923,1914.996874,441.8966314,289.8145906,378.632862,142.2644605,205.4331734,218.5992493,187.2459671,124.8934257,75.03664337,47.28636167,13.95392924,38.82273368,16.15605362,18.44645162,13.73732084,8.246211251,21.6364782,25.92556289,8.09896673,28.06802062,15.7569312,17.77638883,9.473580189,26.640285,12.1222022,7.440986427,9.608250571,2.970401286,4.135148164,4.254011011,9.836452394,15.74425407,6.248474378,2,6.248474378,15.74425407,9.836452394,4.254011011,4.135148164,2.970401286,9.608250571,7.440986427,12.1222022,26.640285,9.473580189,17.77638883,15.7569312,28.06802062,8.09896673,25.92556289,21.6364782,8.246211251,13.73732084,18.44645162,16.15605362,38.82273368,13.95392924,47.28636167,75.03664337,124.8934257,187.2459671,218.5992493,205.4331734,142.2644605,378.632862,289.8145906,441.8966314,1914.996874
Tumor,Sample65,10870,1823.300825,2894.555505,516.2612706,565.4122902,1088.863542,187.2436914,731.2292295,423.4940527,364.2137681,330.9855544,313.7572148,298.1610303,596.3732819,492.9937542,356.6460271,276.6754267,185.8386171,501.665227,294.6956896,371.1712325,22.26431756,301.2441315,142.5519003,86.4175908,389.7837348,323.2035933,608.7333827,222.3889795,319.0639843,331.3424211,328.0661931,588.084599,240.9112118,262.3005163,256.074648,2,256.074648,262.3005163,240.9112118,588.084599,328.0661931,331.3424211,319.0639843,222.3889795,608.7333827,323.2035933,389.7837348,86.4175908,142.5519003,301.2441315,22.26431756,371.1712325,294.6956896,501.665227,185.8386171,276.6754267,356.6460271,492.9937542,596.3732819,298.1610303,313.7572148,330.9855544,364.2137681,423.4940527,731.2292295,187.2436914,1088.863542,565.4122902,516.2612706,2894.555505
Tumor,Sample66,13778,1083.478382,1581.850765,462.8401521,642.4020417,645.600887,764.3197622,55.27926553,645.3248958,353.0923891,498.2698989,80.75033352,883.083235,506.6607696,907.3678122,383.3868969,531.2412368,268.2949648,672.5027881,479.8838266,526.5514039,283.0849753,151.6840296,143.7788438,210.6086418,546.7504164,568.9802189,804.2821425,475.0781366,555.2825596,328.3524039,740.0882712,512.8416201,735.826323,183.249515,337.7634133,182,337.7634133,183.249515,735.826323,512.8416201,740.0882712,328.3524039,555.2825596,475.0781366,804.2821425,568.9802189,546.7504164,210.6086418,143.7788438,151.6840296,283.0849753,526.5514039,479.8838266,672.5027881,268.2949648,531.2412368,383.3868969,907.3678122,506.6607696,883.083235,80.75033352,498.2698989,353.0923891,645.3248958,55.27926553,764.3197622,645.600887,642.4020417,462.8401521,1581.850765
Tumor,Sample67,17494,1641.998076,2211.600078,1288.692424,2499.975301,1051.116239,818.1471454,891.3382485,933.8807707,733.3614585,718.5231192,722.4096833,290.9089205,460.1479995,181.6925172,478.9624555,287.1742348,858.188659,567.1860365,142.3903767,86.6151785,161.8419873,409.9784292,1070.398101,518,709.925536,989.9407435,363.841959,187.3427418,502.0724425,490.5866371,424.4581619,508.7019412,250.5234008,562.7650175,284.0960087,706,284.0960087,562.7650175,250.5234008,508.7019412,424.4581619,490.5866371,502.0724425,187.3427418,363.841959,989.9407435,709.925536,518,1070.398101,409.9784292,161.8419873,86.6151785,142.3903767,567.1860365,858.188659,287.1742348,478.9624555,181.6925172,460.1479995,290.9089205,722.4096833,718.5231192,733.3614585,933.8807707,891.3382485,818.1471454,1051.116239,2499.975301,1288.692424,2211.600078
Tumor,Sample68,12920,493.9173593,3778.504004,1456.298887,2714.05522,622.8494128,911.3704596,788.6608165,167.2094778,489.4345046,417.62942,622.4626063,605.9933993,688.5122786,330.2671477,713.6489074,535.511037,539.2536525,304.6309242,269.5980126,300.3160895,892.0830763,603.8000346,689.6212054,341.250641,624.7184525,571.4649974,25.4138873,618.9010498,292.6942168,240.9561896,419.9335684,87.86876449,696.0621905,937.8091739,488.1180855,536,488.1180855,937.8091739,696.0621905,87.86876449,419.9335684,240.9561896,292.6942168,618.9010498,25.4138873,571.4649974,624.7184525,341.250641,689.6212054,603.8000346,892.0830763,300.3160895,269.5980126,304.6309242,539.2536525,535.511037,713.6489074,330.2671477,688.5122786,605.9933993,622.4626063,417.62942,489.4345046,167.2094778,788.6608165,911.3704596,622.8494128,2714.05522,1456.298887,3778.504004
Tumor,Sample69,13096,753.341613,3352.253597,1267.373538,382.1223496,348.9686061,433.0034766,340.9749885,899.0200537,593.7926111,563.9367817,684.7820645,200.9875618,310.9771114,334.213495,318.5647726,437.3001248,726.8447586,371.2142239,706.5673515,381.9109919,341.2047313,315.8630304,256.3669185,74,601.4256312,453.4717641,644.6846788,712.6306927,303.6216362,550.8938094,191.492865,78.22751345,415.0423261,563.5551179,431.8784741,812,431.8784741,563.5551179,415.0423261,78.22751345,191.492865,550.8938094,303.6216362,712.6306927,644.6846788,453.4717641,601.4256312,74,256.3669185,315.8630304,341.2047313,381.9109919,706.5673515,371.2142239,726.8447586,437.3001248,318.5647726,334.213495,310.9771114,200.9875618,684.7820645,563.9367817,593.7926111,899.0200537,340.9749885,433.0034766,348.9686061,382.1223496,1267.373538,3352.253597
Tumor,Sample70,16930,563.3716291,1381.968279,142.3280946,653.2269612,144.9877214,353.0752275,139.6773169,9.452763946,74.74896514,124.7449797,88.7832246,97.32420048,56.35659483,16.49959531,66.20400556,56.48677759,33.21615396,8.246211251,2.111090309,16.84863321,12.28323922,9.709552439,32.71182633,21.16601049,28.98862308,5.230372283,17.10532698,6.53151943,6.00188669,3.143841669,20.39177091,7.475908698,8.53610897,8.03102935,14.98893502,10,14.98893502,8.03102935,8.53610897,7.475908698,20.39177091,3.143841669,6.00188669,6.53151943,17.10532698,5.230372283,28.98862308,21.16601049,32.71182633,9.709552439,12.28323922,16.84863321,2.111090309,8.246211251,33.21615396,56.48677759,66.20400556,16.49959531,56.35659483,97.32420048,88.7832246,124.7449797,74.74896514,9.452763946,139.6773169,353.0752275,144.9877214,653.2269612,142.3280946,1381.968279
Tumor,Sample71,12812,746.6570128,2135.977931,1578.374456,1893.060964,898.1151299,302.712082,394.2821168,246.7709331,556.8458761,36.05416222,664.1069822,368.6136188,243.1891661,101.6792519,329.8834324,386.3104801,455.1604028,286.7751733,379.1911609,74.49432691,326.2333818,244.7601692,482.3674252,203.5386941,400.7204357,331.8416323,210.0349264,423.0682961,271.1027731,403.4518501,230.7203203,430.5395679,121.2385207,254.2071904,175.0496157,516,175.0496157,254.2071904,121.2385207,430.5395679,230.7203203,403.4518501,271.1027731,423.0682961,210.0349264,331.8416323,400.7204357,203.5386941,482.3674252,244.7601692,326.2333818,74.49432691,379.1911609,286.7751733,455.1604028,386.3104801,329.8834324,101.6792519,243.1891661,368.6136188,664.1069822,36.05416222,556.8458761,246.7709331,394.2821168,302.712082,898.1151299,1893.060964,1578.374456,2135.977931
Tumor,Sample72,16526,408.0047642,1940.899365,1383.968042,1265.582406,238.12579,405.1523103,737.3206774,870.8141395,381.6600264,459.7112469,712.4245696,485.781844,468.0674227,158.7337082,707.1171652,592.5379295,366.192927,356.7464085,503.2448397,609.8929286,118.9613216,801.9592595,344.1471048,362.2816584,172.4291693,1044.5839,312.5245979,36.10803568,452.3582048,1011.460135,488.4542347,417.872632,625.3334925,801.3417864,634.9089685,574,634.9089685,801.3417864,625.3334925,417.872632,488.4542347,1011.460135,452.3582048,36.10803568,312.5245979,1044.5839,172.4291693,362.2816584,344.1471048,801.9592595,118.9613216,609.8929286,503.2448397,356.7464085,366.192927,592.5379295,707.1171652,158.7337082,468.0674227,485.781844,712.4245696,459.7112469,381.6600264,870.8141395,737.3206774,405.1523103,238.12579,1265.582406,1383.968042,1940.899365
Tumor,Sample73,15048,1056.273764,957.6028333,1582.359034,616.5134749,339.6211259,349.6993265,232.5167724,341.3293149,429.3595408,354.1733414,344.9049105,381.003937,364.9435161,397.7196575,371.9410893,362.1074129,399.9640166,402.8399186,406.5774378,358.0842691,390.8173246,384.7185008,403.2219898,387.0968871,387.3478241,369.8479083,359.0910536,399.3429497,397.7784575,385.0589319,387.1668813,381.7964383,394.1237519,382.3575966,407.6902945,396,407.6902945,382.3575966,394.1237519,381.7964383,387.1668813,385.0589319,397.7784575,399.3429497,359.0910536,369.8479083,387.3478241,387.0968871,403.2219898,384.7185008,390.8173246,358.0842691,406.5774378,402.8399186,399.9640166,362.1074129,371.9410893,397.7196575,364.9435161,381.003937,344.9049105,354.1733414,429.3595408,341.3293149,232.5167724,349.6993265,339.6211259,616.5134749,1582.359034,957.6028333
Tumor,Sample74,14152,586.3081594,1851.548464,608.591432,244.2197173,149.3088183,95.41034174,186.022529,220.3314493,280.095516,247.8383925,221.6370879,203.1452682,195.0767317,177.9525063,188.4711968,233.9472385,208.6658007,215.127869,213.2840896,223.168487,227.4925899,187.1274566,201.3800232,205.8834622,195.4887598,222.1051013,223.2005867,237.6984562,200.0814762,215.3528887,206.1186175,210.8998389,210.3858322,214.8161081,197.0394323,180,197.0394323,214.8161081,210.3858322,210.8998389,206.1186175,215.3528887,200.0814762,237.6984562,223.2005867,222.1051013,195.4887598,205.8834622,201.3800232,187.1274566,227.4925899,223.168487,213.2840896,215.127869,208.6658007,233.9472385,188.4711968,177.9525063,195.0767317,203.1452682,221.6370879,247.8383925,280.095516,220.3314493,186.022529,95.41034174,149.3088183,244.2197173,608.591432,1851.548464
Tumor,Sample75,13656,737.5789975,1560.158643,549.3111435,443.5466742,286.2859143,416.791308,427.9077451,388.8494197,312.8773885,144.0449092,284.3714072,175.2141547,145.2164473,242.3236386,406.5359089,262.716519,451.9447414,220.3270297,191.181441,170.4057876,249.0049246,150.7656399,451.9427556,308.4217891,371.1993301,353.0303177,23.91107998,97.83769928,246.6942486,240.6595222,312.833281,447.9287437,199.8958975,352.4580032,131.747265,136,131.747265,352.4580032,199.8958975,447.9287437,312.833281,240.6595222,246.6942486,97.83769928,23.91107998,353.0303177,371.1993301,308.4217891,451.9427556,150.7656399,249.0049246,170.4057876,191.181441,220.3270297,451.9447414,262.716519,406.5359089,242.3236386,145.2164473,175.2141547,284.3714072,144.0449092,312.8773885,388.8494197,427.9077451,416.791308,286.2859143,443.5466742,549.3111435,1560.158643
Tumor,Sample76,13802,3544.812339,4731.08611,999.1887812,1749.269333,1688.81074,362.5614599,2001.446501,445.1056675,1042.870652,469.6039446,183.8817183,221.9819813,450.0387071,27.05488905,600.7865204,321.8867037,295.2120159,487.6105003,98.33431746,384.1977187,247.0715984,175.9629598,277.2258278,313.5793361,154.0996493,333.7713964,129.1077231,92.24376603,288.2802391,265.7464728,248.6889588,401.0110905,52.46867396,258.1899992,377.6824346,50,377.6824346,258.1899992,52.46867396,401.0110905,248.6889588,265.7464728,288.2802391,92.24376603,129.1077231,333.7713964,154.0996493,313.5793361,277.2258278,175.9629598,247.0715984,384.1977187,98.33431746,487.6105003,295.2120159,321.8867037,600.7865204,27.05488905,450.0387071,221.9819813,183.8817183,469.6039446,1042.870652,445.1056675,2001.446501,362.5614599,1688.81074,1749.269333,999.1887812,4731.08611
Tumor,Sample77,12950,308.957821,1862.90806,582.0046427,750.6482437,660.0498841,160.9245872,365.1380999,366.819528,252.2353627,160.6010264,213.6798606,398.0602969,282.0872021,139.7743272,291.7338583,381.3538481,319.1960525,153.0620789,289.8215267,376.5665423,285.3749601,123.4741289,270.5282476,416.3604208,274.0356179,157.2871334,281.0859687,383.5946473,300.2425806,153.3860399,317.2724215,398.3675143,289.1973097,161.3037614,267.2040876,410,267.2040876,161.3037614,289.1973097,398.3675143,317.2724215,153.3860399,300.2425806,383.5946473,281.0859687,157.2871334,274.0356179,416.3604208,270.5282476,123.4741289,285.3749601,376.5665423,289.8215267,153.0620789,319.1960525,381.3538481,291.7338583,139.7743272,282.0872021,398.0602969,213.6798606,160.6010264,252.2353627,366.819528,365.1380999,160.9245872,660.0498841,750.6482437,582.0046427,1862.90806